movie_id,genre_id
0,2
12,2
47,2
238,2
243,2
312,2
363,2
557,2
587,2
593,2
594,2
595,2
609,2
615,2
630,2
660,2
672,2
708,2
719,2
740,2
744,2
782,2
887,2
1021,2
1022,2
1023,2
1024,2
1028,2
1029,2
1031,2
1032,2
1063,2
1147,2
1150,2
1204,2
1222,2
1273,2
1281,2
1404,2
1488,2
1565,2
1687,2
1880,2
1906,2
1919,2
2017,2
2032,2
2047,2
2077,2
2079,2
2080,2
2084,2
2086,2
2088,2
2089,2
2091,2
2095,2
2098,2
2101,2
2115,2
2122,2
2136,2
2137,2
2138,2
2140,2
2141,2
2188,2
2293,2
2353,2
2354,2
2393,2
2494,2
2558,2
2565,2
2686,2
2699,2
2760,2
2799,2
2809,2
2856,2
2875,2
2898,2
2986,2
2999,2
3033,2
3053,2
3113,2
3158,2
3212,2
3286,2
3399,2
3428,2
3482,2
3591,2
3610,2
3614,2
3724,2
3744,2
3750,2
3753,2
3758,2
3774,2
3775,2
3798,2
3944,2
0,3
1,3
7,3
12,3
33,3
47,3
53,3
55,3
59,3
86,3
106,3
125,3
145,3
157,3
168,3
180,3
237,3
238,3
240,3
243,3
249,3
257,3
261,3
312,3
316,3
342,3
354,3
361,3
363,3
373,3
391,3
420,3
454,3
483,3
501,3
530,3
545,3
550,3
557,3
568,3
574,3
576,3
585,3
587,3
593,3
594,3
595,3
608,3
615,3
630,3
660,3
672,3
708,3
710,3
753,3
754,3
782,3
800,3
807,3
809,3
827,3
836,3
880,3
884,3
887,3
916,3
918,3
985,3
1004,3
1006,3
1008,3
1009,3
1010,3
1011,3
1012,3
1013,3
1014,3
1015,3
1016,3
1017,3
1018,3
1020,3
1021,3
1022,3
1023,3
1024,3
1025,3
1027,3
1028,3
1029,3
1030,3
1031,3
1032,3
1063,3
1072,3
1096,3
1204,3
1281,3
1358,3
1366,3
1425,3
1459,3
1473,3
1488,3
1494,3
1524,3
1537,3
1546,3
1550,3
1565,3
1581,3
1582,3
1587,3
1591,3
1594,3
1653,3
1687,3
1701,3
1706,3
1712,3
1738,3
1749,3
1805,3
1811,3
1821,3
1825,3
1842,3
1847,3
1880,3
1906,3
1918,3
1919,3
1966,3
2004,3
2013,3
2014,3
2015,3
2016,3
2017,3
2030,3
2031,3
2032,3
2034,3
2035,3
2036,3
2037,3
2038,3
2039,3
2040,3
2041,3
2042,3
2044,3
2045,3
2046,3
2047,3
2049,3
2050,3
2051,3
2052,3
2053,3
2055,3
2056,3
2058,3
2076,3
2077,3
2078,3
2079,3
2080,3
2081,3
2082,3
2083,3
2084,3
2086,3
2088,3
2089,3
2090,3
2091,3
2092,3
2094,3
2095,3
2096,3
2097,3
2098,3
2101,3
2102,3
2115,3
2122,3
2136,3
2137,3
2138,3
2139,3
2140,3
2141,3
2151,3
2160,3
2161,3
2293,3
2353,3
2354,3
2383,3
2398,3
2399,3
2428,3
2429,3
2448,3
2449,3
2558,3
2565,3
2686,3
2708,3
2719,3
2760,3
2799,3
2827,3
2845,3
2875,3
2885,3
2898,3
2952,3
3033,3
3053,3
3113,3
3156,3
3158,3
3212,3
3286,3
3331,3
3344,3
3395,3
3396,3
3397,3
3398,3
3399,3
3437,3
3438,3
3439,3
3482,3
3563,3
3610,3
3614,3
3671,3
3672,3
3673,3
3750,3
3753,3
3758,3
3774,3
3775,3
3798,3
3819,3
3944,3
0,4
2,4
3,4
4,4
6,4
10,4
11,4
18,4
20,4
33,4
37,4
38,4
44,4
51,4
53,4
62,4
63,4
64,4
67,4
68,4
69,4
71,4
74,4
83,4
86,4
87,4
92,4
95,4
100,4
101,4
103,4
105,4
106,4
108,4
114,4
117,4
118,4
121,4
124,4
128,4
132,4
134,4
140,4
143,4
152,4
155,4
156,4
165,4
170,4
173,4
175,4
177,4
179,4
185,4
186,4
188,4
194,4
202,4
204,4
211,4
215,4
217,4
222,4
223,4
227,4
230,4
231,4
233,4
234,4
235,4
236,4
238,4
242,4
247,4
249,4
251,4
254,4
255,4
257,4
266,4
273,4
274,4
275,4
277,4
286,4
288,4
293,4
294,4
297,4
303,4
304,4
309,4
311,4
316,4
321,4
323,4
324,4
326,4
329,4
332,4
338,4
341,4
343,4
344,4
347,4
350,4
351,4
354,4
355,4
356,4
358,4
359,4
366,4
367,4
369,4
370,4
371,4
373,4
377,4
379,4
386,4
389,4
401,4
402,4
409,4
410,4
412,4
413,4
414,4
416,4
418,4
419,4
428,4
431,4
432,4
434,4
436,4
437,4
439,4
440,4
443,4
444,4
446,4
448,4
449,4
452,4
459,4
465,4
466,4
467,4
469,4
470,4
471,4
472,4
475,4
477,4
484,4
485,4
486,4
488,4
491,4
495,4
496,4
498,4
499,4
504,4
512,4
513,4
515,4
517,4
519,4
531,4
536,4
538,4
541,4
542,4
549,4
550,4
551,4
558,4
561,4
563,4
565,4
567,4
568,4
569,4
573,4
574,4
575,4
581,4
582,4
584,4
585,4
586,4
587,4
596,4
597,4
602,4
611,4
617,4
618,4
625,4
632,4
633,4
634,4
636,4
638,4
640,4
642,4
643,4
648,4
650,4
654,4
655,4
656,4
662,4
663,4
670,4
672,4
687,4
690,4
699,4
704,4
707,4
709,4
716,4
717,4
718,4
724,4
727,4
733,4
734,4
738,4
742,4
744,4
746,4
750,4
751,4
752,4
761,4
764,4
770,4
771,4
775,4
783,4
784,4
787,4
793,4
796,4
798,4
800,4
803,4
806,4
809,4
810,4
812,4
817,4
818,4
824,4
828,4
829,4
832,4
833,4
836,4
837,4
839,4
846,4
851,4
855,4
859,4
862,4
863,4
866,4
867,4
869,4
870,4
880,4
891,4
897,4
900,4
904,4
906,4
908,4
909,4
910,4
914,4
915,4
920,4
926,4
932,4
933,4
934,4
935,4
936,4
938,4
944,4
945,4
946,4
950,4
951,4
954,4
957,4
969,4
974,4
983,4
987,4
1000,4
1001,4
1004,4
1006,4
1009,4
1010,4
1013,4
1015,4
1017,4
1019,4
1020,4
1027,4
1041,4
1044,4
1056,4
1059,4
1063,4
1065,4
1066,4
1072,4
1074,4
1076,4
1077,4
1078,4
1079,4
1080,4
1082,4
1090,4
1097,4
1106,4
1112,4
1114,4
1124,4
1125,4
1132,4
1134,4
1135,4
1142,4
1145,4
1147,4
1150,4
1157,4
1159,4
1161,4
1165,4
1166,4
1170,4
1171,4
1173,4
1174,4
1179,4
1183,4
1187,4
1193,4
1196,4
1201,4
1210,4
1214,4
1219,4
1222,4
1225,4
1229,4
1233,4
1234,4
1235,4
1237,4
1240,4
1242,4
1243,4
1254,4
1255,4
1256,4
1258,4
1260,4
1264,4
1268,4
1269,4
1272,4
1275,4
1277,4
1278,4
1280,4
1284,4
1287,4
1291,4
1293,4
1296,4
1303,4
1306,4
1307,4
1310,4
1316,4
1317,4
1329,4
1352,4
1358,4
1366,4
1376,4
1377,4
1378,4
1379,4
1380,4
1389,4
1390,4
1391,4
1393,4
1394,4
1404,4
1408,4
1409,4
1413,4
1424,4
1430,4
1432,4
1435,4
1438,4
1439,4
1440,4
1443,4
1444,4
1445,4
1448,4
1452,4
1453,4
1454,4
1455,4
1456,4
1459,4
1460,4
1462,4
1466,4
1467,4
1472,4
1473,4
1475,4
1481,4
1484,4
1489,4
1493,4
1499,4
1502,4
1510,4
1512,4
1515,4
1516,4
1525,4
1527,4
1531,4
1536,4
1538,4
1540,4
1541,4
1545,4
1549,4
1552,4
1557,4
1560,4
1563,4
1564,4
1565,4
1568,4
1570,4
1579,4
1580,4
1584,4
1587,4
1591,4
1592,4
1601,4
1603,4
1611,4
1613,4
1621,4
1628,4
1629,4
1631,4
1639,4
1640,4
1641,4
1645,4
1647,4
1662,4
1664,4
1676,4
1678,4
1688,4
1697,4
1700,4
1701,4
1702,4
1706,4
1710,4
1712,4
1722,4
1730,4
1731,4
1733,4
1737,4
1745,4
1746,4
1752,4
1759,4
1763,4
1771,4
1773,4
1776,4
1781,4
1783,4
1792,4
1793,4
1805,4
1808,4
1811,4
1815,4
1816,4
1820,4
1821,4
1823,4
1826,4
1829,4
1836,4
1838,4
1842,4
1844,4
1847,4
1852,4
1853,4
1854,4
1856,4
1857,4
1860,4
1862,4
1863,4
1865,4
1869,4
1870,4
1873,4
1874,4
1877,4
1882,4
1883,4
1884,4
1885,4
1886,4
1887,4
1893,4
1894,4
1895,4
1902,4
1903,4
1905,4
1909,4
1910,4
1913,4
1915,4
1917,4
1918,4
1922,4
1933,4
1936,4
1947,4
1957,4
1962,4
1964,4
1965,4
1967,4
1999,4
2000,4
2001,4
2002,4
2003,4
2006,4
2010,4
2011,4
2013,4
2014,4
2015,4
2026,4
2028,4
2030,4
2031,4
2034,4
2035,4
2036,4
2037,4
2039,4
2040,4
2041,4
2043,4
2048,4
2049,4
2050,4
2051,4
2052,4
2053,4
2054,4
2059,4
2063,4
2064,4
2071,4
2072,4
2077,4
2079,4
2080,4
2081,4
2087,4
2094,4
2097,4
2099,4
2101,4
2107,4
2108,4
2109,4
2110,4
2123,4
2127,4
2132,4
2133,4
2135,4
2140,4
2141,4
2143,4
2144,4
2147,4
2148,4
2149,4
2150,4
2151,4
2154,4
2155,4
2162,4
2168,4
2169,4
2170,4
2171,4
2173,4
2176,4
2190,4
2194,4
2204,4
2207,4
2212,4
2214,4
2216,4
2221,4
2222,4
2229,4
2237,4
2238,4
2240,4
2242,4
2243,4
2244,4
2245,4
2246,4
2247,4
2248,4
2250,4
2251,4
2252,4
2254,4
2256,4
2258,4
2260,4
2261,4
2264,4
2265,4
2281,4
2285,4
2288,4
2289,4
2294,4
2295,4
2298,4
2299,4
2300,4
2301,4
2305,4
2316,4
2317,4
2318,4
2320,4
2323,4
2324,4
2330,4
2334,4
2338,4
2341,4
2348,4
2349,4
2351,4
2353,4
2354,4
2355,4
2358,4
2360,4
2368,4
2370,4
2371,4
2373,4
2374,4
2377,4
2378,4
2379,4
2380,4
2381,4
2382,4
2383,4
2384,4
2386,4
2389,4
2391,4
2394,4
2395,4
2404,4
2405,4
2406,4
2407,4
2412,4
2415,4
2416,4
2417,4
2422,4
2423,4
2425,4
2430,4
2435,4
2443,4
2446,4
2456,4
2457,4
2462,4
2467,4
2468,4
2469,4
2470,4
2471,4
2472,4
2477,4
2481,4
2482,4
2483,4
2484,4
2486,4
2490,4
2491,4
2495,4
2497,4
2498,4
2499,4
2501,4
2503,4
2505,4
2506,4
2508,4
2509,4
2517,4
2538,4
2541,4
2542,4
2544,4
2551,4
2554,4
2555,4
2557,4
2566,4
2571,4
2573,4
2576,4
2580,4
2581,4
2583,4
2585,4
2586,4
2588,4
2590,4
2592,4
2595,4
2596,4
2597,4
2598,4
2600,4
2605,4
2617,4
2621,4
2622,4
2625,4
2628,4
2630,4
2656,4
2658,4
2670,4
2674,4
2680,4
2682,4
2683,4
2684,4
2689,4
2693,4
2695,4
2696,4
2698,4
2699,4
2705,4
2708,4
2714,4
2715,4
2716,4
2717,4
2719,4
2722,4
2723,4
2732,4
2734,4
2735,4
2737,4
2741,4
2745,4
2746,4
2749,4
2750,4
2751,4
2758,4
2764,4
2765,4
2766,4
2767,4
2769,4
2771,4
2773,4
2778,4
2779,4
2785,4
2787,4
2790,4
2791,4
2792,4
2793,4
2794,4
2795,4
2796,4
2797,4
2798,4
2803,4
2804,4
2805,4
2808,4
2810,4
2827,4
2828,4
2833,4
2835,4
2836,4
2837,4
2842,4
2848,4
2857,4
2859,4
2860,4
2862,4
2863,4
2864,4
2866,4
2869,4
2873,4
2878,4
2879,4
2882,4
2883,4
2885,4
2887,4
2888,4
2890,4
2896,4
2906,4
2912,4
2913,4
2914,4
2917,4
2922,4
2923,4
2925,4
2934,4
2935,4
2936,4
2945,4
2952,4
2960,4
2961,4
2972,4
2976,4
2977,4
2996,4
2998,4
3002,4
3003,4
3011,4
3012,4
3013,4
3021,4
3022,4
3027,4
3029,4
3030,4
3032,4
3034,4
3036,4
3038,4
3039,4
3040,4
3041,4
3042,4
3044,4
3045,4
3047,4
3048,4
3051,4
3056,4
3059,4
3060,4
3066,4
3069,4
3071,4
3075,4
3082,4
3085,4
3086,4
3087,4
3095,4
3096,4
3098,4
3103,4
3107,4
3113,4
3119,4
3122,4
3123,4
3128,4
3129,4
3130,4
3131,4
3132,4
3139,4
3143,4
3145,4
3155,4
3156,4
3161,4
3173,4
3174,4
3176,4
3179,4
3183,4
3188,4
3198,4
3199,4
3207,4
3209,4
3224,4
3226,4
3227,4
3230,4
3231,4
3232,4
3233,4
3234,4
3238,4
3239,4
3240,4
3241,4
3242,4
3243,4
3246,4
3247,4
3252,4
3253,4
3254,4
3257,4
3260,4
3262,4
3263,4
3265,4
3267,4
3274,4
3275,4
3281,4
3283,4
3285,4
3289,4
3298,4
3300,4
3301,4
3305,4
3306,4
3307,4
3308,4
3312,4
3316,4
3319,4
3320,4
3321,4
3322,4
3323,4
3324,4
3325,4
3336,4
3340,4
3342,4
3348,4
3352,4
3357,4
3360,4
3361,4
3362,4
3380,4
3384,4
3386,4
3387,4
3390,4
3391,4
3392,4
3393,4
3394,4
3395,4
3396,4
3397,4
3398,4
3406,4
3409,4
3416,4
3418,4
3420,4
3421,4
3423,4
3428,4
3445,4
3447,4
3449,4
3450,4
3453,4
3459,4
3461,4
3462,4
3465,4
3472,4
3476,4
3480,4
3490,4
3494,4
3496,4
3499,4
3500,4
3503,4
3505,4
3506,4
3510,4
3514,4
3515,4
3519,4
3520,4
3523,4
3524,4
3525,4
3529,4
3530,4
3531,4
3533,4
3534,4
3535,4
3536,4
3537,4
3542,4
3543,4
3547,4
3551,4
3555,4
3561,4
3563,4
3564,4
3565,4
3566,4
3568,4
3589,4
3590,4
3594,4
3595,4
3596,4
3598,4
3599,4
3600,4
3602,4
3606,4
3607,4
3610,4
3612,4
3613,4
3615,4
3616,4
3617,4
3618,4
3619,4
3621,4
3625,4
3628,4
3630,4
3631,4
3639,4
3645,4
3666,4
3668,4
3670,4
3684,4
3687,4
3688,4
3689,4
3690,4
3691,4
3692,4
3693,4
3694,4
3695,4
3709,4
3711,4
3714,4
3718,4
3720,4
3721,4
3726,4
3738,4
3739,4
3742,4
3747,4
3750,4
3751,4
3753,4
3759,4
3772,4
3773,4
3776,4
3777,4
3783,4
3784,4
3785,4
3786,4
3793,4
3803,4
3808,4
3811,4
3813,4
3816,4
3817,4
3818,4
3820,4
3827,4
3828,4
3829,4
3830,4
3835,4
3840,4
3845,4
3850,4
3851,4
3857,4
3860,4
3861,4
3864,4
3865,4
3867,4
3868,4
3872,4
3873,4
3881,4
3882,4
3883,4
3884,4
3892,4
3896,4
3897,4
3898,4
3899,4
3900,4
3904,4
3908,4
3910,4
3911,4
3920,4
3921,4
3923,4
3924,4
3927,4
3928,4
3942,4
3943,4
3947,4
1,1
7,1
9,1
14,1
28,1
32,1
43,1
55,1
59,1
85,1
106,1
111,1
125,1
145,1
152,1
157,1
159,1
167,1
168,1
172,1
207,1
237,1
257,1
259,1
302,1
315,1
328,1
339,1
348,1
361,1
379,1
391,1
420,1
433,1
454,1
461,1
463,1
479,1
483,1
545,1
546,1
551,1
557,1
576,1
589,1
591,1
608,1
609,1
647,1
652,1
672,1
673,1
687,1
703,1
710,1
732,1
735,1
753,1
760,1
797,1
807,1
808,1
827,1
835,1
848,1
896,1
918,1
924,1
939,1
940,1
951,1
968,1
985,1
989,1
1008,1
1010,1
1014,1
1016,1
1018,1
1029,1
1030,1
1048,1
1069,1
1072,1
1084,1
1117,1
1126,1
1128,1
1195,1
1196,1
1197,1
1203,1
1209,1
1214,1
1215,1
1253,1
1258,1
1260,1
1261,1
1273,1
1274,1
1286,1
1290,1
1302,1
1355,1
1358,1
1370,1
1371,1
1372,1
1373,1
1374,1
1375,1
1376,1
1494,1
1498,1
1524,1
1537,1
1543,1
1550,1
1551,1
1561,1
1565,1
1579,1
1581,1
1586,1
1590,1
1594,1
1604,1
1605,1
1614,1
1675,1
1680,1
1719,1
1743,1
1749,1
1778,1
1805,1
1825,1
1847,1
1848,1
1866,1
1880,1
1886,1
1893,1
1898,1
1916,1
1930,1
1966,1
2004,1
2005,1
2012,1
2036,1
2038,1
2040,1
2042,1
2044,1
2045,1
2049,1
2050,1
2053,1
2055,1
2056,1
2076,1
2087,1
2092,1
2093,1
2098,1
2100,1
2102,1
2104,1
2114,1
2115,1
2132,1
2134,1
2142,1
2152,1
2160,1
2161,1
2166,1
2172,1
2192,1
2264,1
2274,1
2321,1
2343,1
2365,1
2366,1
2367,1
2369,1
2372,1
2398,1
2404,1
2405,1
2413,1
2420,1
2421,1
2428,1
2429,1
2448,1
2449,1
2469,1
2470,1
2476,1
2527,1
2536,1
2601,1
2614,1
2616,1
2627,1
2639,1
2640,1
2641,1
2642,1
2719,1
2722,1
2732,1
2734,1
2747,1
2820,1
2821,1
2850,1
2870,1
2878,1
2879,1
2894,1
2898,1
2904,1
2915,1
2949,1
2967,1
2969,1
2986,1
2999,1
3035,1
3069,1
3103,1
3138,1
3152,1
3165,1
3167,1
3171,1
3174,1
3189,1
3206,1
3268,1
3278,1
3284,1
3331,1
3344,1
3365,1
3388,1
3389,1
3400,1
3405,1
3411,1
3416,1
3460,1
3469,1
3478,1
3488,1
3491,1
3493,1
3584,1
3611,1
3671,1
3672,1
3673,1
3697,1
3698,1
3704,1
3744,1
3754,1
3769,1
3770,1
3804,1
3806,1
3833,1
3863,1
3876,1
3888,1
3925,1
3926,1
3944,1
1,8
55,8
59,8
125,8
246,8
257,8
259,8
316,8
366,8
557,8
652,8
672,8
787,8
791,8
809,8
884,8
1008,8
1018,8
1072,8
1096,8
1125,8
1524,8
1582,8
1653,8
1701,8
1749,8
1847,8
1880,8
1919,8
1966,8
2004,8
2014,8
2016,8
2020,8
2042,8
2053,8
2085,8
2086,8
2092,8
2099,8
2104,8
2137,8
2139,8
2142,8
2160,8
2161,8
2172,8
2173,8
2192,8
2252,8
2398,8
2452,8
2621,8
2627,8
2796,8
2871,8
2967,8
3152,8
3392,8
3437,8
3438,8
3439,8
3465,8
3478,8
3488,8
3876,8
3888,8
3919,8
2,13
6,13
10,13
14,13
16,13
24,13
27,13
32,13
34,13
38,13
45,13
47,13
48,13
57,13
63,13
67,13
73,13
80,13
84,13
92,13
104,13
117,13
121,13
122,13
128,13
130,13
139,13
150,13
162,13
167,13
178,13
181,13
194,13
201,13
206,13
214,13
221,13
223,13
235,13
236,13
238,13
246,13
248,13
251,13
257,13
264,13
265,13
269,13
275,13
286,13
288,13
292,13
293,13
294,13
300,13
301,13
338,13
341,13
350,13
352,13
355,13
356,13
358,13
360,13
361,13
376,13
377,13
379,13
388,13
416,13
424,13
426,13
439,13
443,13
445,13
446,13
450,13
460,13
467,13
468,13
470,13
495,13
496,13
497,13
498,13
508,13
512,13
533,13
538,13
542,13
549,13
554,13
565,13
586,13
596,13
604,13
612,13
617,13
622,13
629,13
637,13
653,13
686,13
689,13
690,13
696,13
707,13
735,13
751,13
763,13
778,13
787,13
801,13
802,13
803,13
806,13
820,13
824,13
837,13
851,13
865,13
888,13
891,13
893,13
897,13
898,13
899,13
901,13
906,13
910,13
911,13
913,13
914,13
915,13
919,13
924,13
927,13
929,13
930,13
931,13
932,13
935,13
936,13
942,13
944,13
955,13
968,13
973,13
975,13
982,13
986,13
1042,13
1045,13
1056,13
1058,13
1065,13
1066,13
1070,13
1087,13
1093,13
1099,13
1100,13
1136,13
1158,13
1171,13
1182,13
1187,13
1196,13
1209,13
1210,13
1215,13
1225,13
1229,13
1243,13
1246,13
1263,13
1264,13
1276,13
1285,13
1289,13
1295,13
1306,13
1308,13
1313,13
1338,13
1352,13
1356,13
1379,13
1380,13
1392,13
1397,13
1407,13
1408,13
1414,13
1440,13
1452,13
1454,13
1456,13
1457,13
1462,13
1467,13
1474,13
1476,13
1478,13
1492,13
1495,13
1497,13
1501,13
1513,13
1519,13
1522,13
1534,13
1540,13
1541,13
1548,13
1549,13
1553,13
1555,13
1563,13
1568,13
1570,13
1573,13
1592,13
1596,13
1599,13
1604,13
1628,13
1631,13
1638,13
1642,13
1655,13
1657,13
1665,13
1668,13
1673,13
1679,13
1682,13
1683,13
1684,13
1713,13
1720,13
1721,13
1732,13
1734,13
1748,13
1754,13
1766,13
1769,13
1776,13
1781,13
1800,13
1816,13
1820,13
1828,13
1834,13
1849,13
1850,13
1853,13
1873,13
1877,13
1887,13
1893,13
1894,13
1896,13
1901,13
1905,13
1911,13
1924,13
1943,13
1945,13
1946,13
1958,13
2005,13
2019,13
2024,13
2028,13
2044,13
2061,13
2062,13
2064,13
2066,13
2079,13
2080,13
2099,13
2107,13
2124,13
2126,13
2129,13
2142,13
2144,13
2145,13
2153,13
2156,13
2165,13
2167,13
2170,13
2174,13
2207,13
2214,13
2242,13
2243,13
2247,13
2256,13
2258,13
2261,13
2265,13
2290,13
2291,13
2296,13
2315,13
2330,13
2338,13
2339,13
2368,13
2384,13
2387,13
2395,13
2404,13
2405,13
2414,13
2423,13
2425,13
2442,13
2467,13
2468,13
2480,13
2481,13
2484,13
2490,13
2495,13
2496,13
2501,13
2505,13
2509,13
2555,13
2557,13
2568,13
2569,13
2571,13
2580,13
2584,13
2588,13
2590,13
2593,13
2596,13
2619,13
2620,13
2625,13
2628,13
2632,13
2670,13
2674,13
2678,13
2680,13
2691,13
2696,13
2703,13
2707,13
2714,13
2720,13
2723,13
2773,13
2800,13
2801,13
2804,13
2821,13
2832,13
2833,13
2836,13
2842,13
2871,13
2872,13
2874,13
2883,13
2884,13
2887,13
2893,13
2905,13
2909,13
2918,13
2919,13
2926,13
2934,13
2940,13
2941,13
2942,13
2949,13
2961,13
2968,13
2977,13
2997,13
3003,13
3022,13
3043,13
3045,13
3072,13
3080,13
3093,13
3096,13
3098,13
3102,13
3105,13
3107,13
3116,13
3121,13
3143,13
3154,13
3198,13
3205,13
3224,13
3243,13
3256,13
3258,13
3260,13
3268,13
3283,13
3306,13
3319,13
3342,13
3352,13
3356,13
3357,13
3367,13
3375,13
3393,13
3413,13
3421,13
3425,13
3435,13
3451,13
3452,13
3453,13
3457,13
3474,13
3478,13
3500,13
3511,13
3515,13
3523,13
3527,13
3530,13
3535,13
3539,13
3553,13
3583,13
3611,13
3613,13
3615,13
3637,13
3667,13
3683,13
3684,13
3698,13
3704,13
3718,13
3738,13
3742,13
3747,13
3764,13
3795,13
3799,13
3821,13
3823,13
3828,13
3833,13
3853,13
3854,13
3873,13
3884,13
3887,13
3908,13
3,7
10,7
13,7
15,7
16,7
20,7
21,7
23,7
24,7
25,7
26,7
29,7
30,7
31,7
33,7
34,7
35,7
39,7
40,7
41,7
42,7
44,7
45,7
48,7
50,7
52,7
54,7
56,7
57,7
58,7
60,7
61,7
66,7
71,7
72,7
73,7
74,7
77,7
78,7
79,7
80,7
81,7
82,7
83,7
84,7
85,7
89,7
91,7
93,7
96,7
99,7
104,7
105,7
109,7
110,7
112,7
113,7
119,7
120,7
122,7
123,7
126,7
129,7
130,7
132,7
137,7
138,7
139,7
141,7
142,7
146,7
147,7
148,7
149,7
150,7
153,7
154,7
158,7
160,7
165,7
166,7
167,7
168,7
174,7
178,7
181,7
183,7
190,7
192,7
193,7
194,7
196,7
198,7
200,7
201,7
204,7
206,7
208,7
210,7
212,7
213,7
214,7
216,7
217,7
218,7
221,7
223,7
224,7
228,7
229,7
231,7
232,7
234,7
240,7
241,7
244,7
246,7
248,7
252,7
253,7
258,7
260,7
261,7
262,7
263,7
264,7
265,7
267,7
268,7
269,7
270,7
271,7
272,7
276,7
278,7
279,7
280,7
281,7
282,7
284,7
289,7
291,7
292,7
295,7
296,7
298,7
299,7
300,7
301,7
303,7
305,7
306,7
307,7
308,7
313,7
317,7
320,7
321,7
325,7
330,7
333,7
335,7
336,7
339,7
340,7
344,7
345,7
346,7
349,7
350,7
353,7
357,7
358,7
360,7
364,7
368,7
370,7
371,7
374,7
380,7
381,7
384,7
385,7
387,7
388,7
389,7
390,7
394,7
395,7
398,7
399,7
402,7
405,7
407,7
408,7
411,7
417,7
423,7
424,7
427,7
429,7
430,7
435,7
438,7
445,7
447,7
449,7
450,7
451,7
453,7
454,7
455,7
457,7
460,7
462,7
464,7
468,7
471,7
474,7
475,7
476,7
480,7
482,7
487,7
490,7
492,7
494,7
495,7
497,7
500,7
502,7
505,7
506,7
507,7
508,7
509,7
510,7
514,7
515,7
516,7
521,7
522,7
523,7
524,7
525,7
526,7
527,7
528,7
529,7
530,7
533,7
534,7
535,7
536,7
537,7
544,7
556,7
559,7
561,7
562,7
566,7
567,7
569,7
570,7
571,7
572,7
573,7
577,7
579,7
582,7
583,7
589,7
590,7
591,7
592,7
600,7
604,7
606,7
607,7
612,7
613,7
614,7
616,7
619,7
620,7
623,7
624,7
626,7
627,7
628,7
629,7
634,7
635,7
639,7
641,7
644,7
646,7
648,7
649,7
653,7
656,7
657,7
659,7
665,7
667,7
668,7
669,7
671,7
674,7
675,7
677,7
678,7
681,7
683,7
684,7
686,7
692,7
696,7
697,7
698,7
700,7
701,7
702,7
705,7
711,7
712,7
714,7
720,7
722,7
723,7
725,7
728,7
729,7
737,7
743,7
748,7
752,7
754,7
756,7
757,7
762,7
763,7
764,7
765,7
766,7
767,7
769,7
770,7
772,7
773,7
775,7
777,7
778,7
780,7
788,7
789,7
792,7
793,7
794,7
795,7
799,7
801,7
804,7
805,7
811,7
813,7
815,7
818,7
819,7
821,7
822,7
823,7
825,7
826,7
830,7
831,7
834,7
837,7
842,7
843,7
844,7
845,7
846,7
847,7
849,7
850,7
852,7
853,7
854,7
856,7
857,7
861,7
863,7
864,7
865,7
871,7
872,7
873,7
874,7
876,7
877,7
881,7
883,7
884,7
886,7
891,7
892,7
894,7
895,7
901,7
907,7
908,7
911,7
916,7
918,7
919,7
922,7
923,7
925,7
938,7
942,7
943,7
945,7
947,7
948,7
952,7
953,7
955,7
956,7
958,7
959,7
960,7
961,7
965,7
969,7
970,7
971,7
972,7
973,7
977,7
978,7
980,7
981,7
983,7
986,7
987,7
988,7
990,7
992,7
993,7
995,7
996,7
1002,7
1005,7
1011,7
1012,7
1013,7
1025,7
1026,7
1037,7
1039,7
1040,7
1042,7
1043,7
1044,7
1045,7
1049,7
1050,7
1051,7
1052,7
1053,7
1055,7
1057,7
1058,7
1059,7
1060,7
1061,7
1062,7
1081,7
1083,7
1084,7
1089,7
1092,7
1093,7
1094,7
1095,7
1096,7
1098,7
1102,7
1103,7
1108,7
1111,7
1113,7
1114,7
1115,7
1116,7
1118,7
1119,7
1120,7
1123,7
1130,7
1131,7
1132,7
1133,7
1138,7
1139,7
1140,7
1141,7
1145,7
1148,7
1149,7
1154,7
1155,7
1156,7
1160,7
1162,7
1163,7
1164,7
1171,7
1172,7
1175,7
1176,7
1177,7
1178,7
1182,7
1184,7
1185,7
1186,7
1189,7
1192,7
1195,7
1202,7
1206,7
1207,7
1210,7
1212,7
1216,7
1220,7
1221,7
1223,7
1224,7
1226,7
1227,7
1230,7
1232,7
1235,7
1236,7
1241,7
1242,7
1243,7
1244,7
1245,7
1246,7
1249,7
1250,7
1252,7
1258,7
1262,7
1263,7
1267,7
1270,7
1271,7
1272,7
1275,7
1276,7
1278,7
1279,7
1285,7
1286,7
1287,7
1289,7
1292,7
1294,7
1295,7
1297,7
1298,7
1299,7
1301,7
1304,7
1305,7
1308,7
1311,7
1315,7
1317,7
1350,7
1353,7
1356,7
1357,7
1359,7
1361,7
1362,7
1364,7
1365,7
1367,7
1368,7
1381,7
1383,7
1391,7
1392,7
1394,7
1395,7
1396,7
1398,7
1399,7
1400,7
1403,7
1405,7
1409,7
1410,7
1411,7
1412,7
1414,7
1415,7
1416,7
1418,7
1422,7
1427,7
1436,7
1441,7
1464,7
1465,7
1466,7
1470,7
1472,7
1475,7
1479,7
1481,7
1482,7
1485,7
1486,7
1487,7
1495,7
1497,7
1503,7
1506,7
1507,7
1508,7
1509,7
1514,7
1518,7
1521,7
1523,7
1528,7
1530,7
1532,7
1533,7
1534,7
1541,7
1542,7
1544,7
1546,7
1547,7
1548,7
1550,7
1553,7
1554,7
1556,7
1558,7
1562,7
1566,7
1567,7
1571,7
1574,7
1576,7
1578,7
1583,7
1585,7
1588,7
1593,7
1594,7
1595,7
1597,7
1599,7
1600,7
1608,7
1610,7
1612,7
1618,7
1619,7
1620,7
1621,7
1623,7
1625,7
1627,7
1629,7
1632,7
1634,7
1638,7
1641,7
1642,7
1647,7
1649,7
1650,7
1652,7
1653,7
1658,7
1659,7
1663,7
1666,7
1667,7
1669,7
1671,7
1672,7
1673,7
1677,7
1679,7
1681,7
1682,7
1692,7
1693,7
1694,7
1695,7
1698,7
1700,7
1703,7
1704,7
1705,7
1707,7
1709,7
1710,7
1715,7
1718,7
1720,7
1722,7
1723,7
1724,7
1725,7
1726,7
1727,7
1728,7
1729,7
1732,7
1733,7
1734,7
1739,7
1740,7
1746,7
1756,7
1757,7
1758,7
1764,7
1766,7
1767,7
1772,7
1773,7
1775,7
1780,7
1783,7
1787,7
1788,7
1790,7
1793,7
1794,7
1795,7
1798,7
1800,7
1803,7
1804,7
1806,7
1808,7
1809,7
1810,7
1811,7
1813,7
1814,7
1815,7
1816,7
1818,7
1819,7
1824,7
1828,7
1831,7
1832,7
1833,7
1835,7
1839,7
1840,7
1841,7
1843,7
1845,7
1846,7
1849,7
1850,7
1851,7
1858,7
1859,7
1867,7
1869,7
1870,7
1871,7
1872,7
1875,7
1876,7
1878,7
1879,7
1883,7
1884,7
1887,7
1889,7
1892,7
1894,7
1896,7
1897,7
1898,7
1899,7
1901,7
1903,7
1904,7
1907,7
1912,7
1913,7
1914,7
1915,7
1917,7
1921,7
1924,7
1928,7
1929,7
1932,7
1934,7
1935,7
1937,7
1938,7
1939,7
1940,7
1941,7
1942,7
1943,7
1944,7
1945,7
1948,7
1949,7
1951,7
1952,7
1953,7
1954,7
1955,7
1956,7
1957,7
1958,7
1959,7
1960,7
1961,7
1963,7
1967,7
1999,7
2000,7
2001,7
2007,7
2018,7
2019,7
2021,7
2022,7
2023,7
2024,7
2027,7
2029,7
2044,7
2058,7
2061,7
2062,7
2064,7
2066,7
2067,7
2068,7
2069,7
2070,7
2073,7
2074,7
2075,7
2078,7
2085,7
2100,7
2103,7
2105,7
2111,7
2113,7
2116,7
2119,7
2124,7
2126,7
2129,7
2130,7
2131,7
2137,7
2144,7
2145,7
2146,7
2153,7
2155,7
2163,7
2164,7
2165,7
2167,7
2170,7
2174,7
2181,7
2187,7
2189,7
2191,7
2193,7
2196,7
2198,7
2199,7
2200,7
2201,7
2206,7
2215,7
2217,7
2219,7
2223,7
2224,7
2225,7
2227,7
2228,7
2230,7
2232,7
2233,7
2234,7
2235,7
2236,7
2237,7
2238,7
2239,7
2241,7
2242,7
2244,7
2247,7
2249,7
2251,7
2253,7
2261,7
2263,7
2267,7
2268,7
2270,7
2271,7
2273,7
2275,7
2276,7
2281,7
2282,7
2283,7
2284,7
2288,7
2289,7
2290,7
2292,7
2296,7
2302,7
2303,7
2304,7
2306,7
2308,7
2309,7
2311,7
2312,7
2313,7
2315,7
2319,7
2323,7
2325,7
2328,7
2331,7
2332,7
2335,7
2336,7
2340,7
2342,7
2343,7
2344,7
2347,7
2350,7
2351,7
2356,7
2357,7
2359,7
2361,7
2369,7
2373,7
2385,7
2387,7
2391,7
2396,7
2397,7
2399,7
2408,7
2409,7
2410,7
2411,7
2414,7
2416,7
2418,7
2419,7
2420,7
2421,7
2425,7
2426,7
2428,7
2429,7
2430,7
2431,7
2432,7
2433,7
2434,7
2436,7
2437,7
2438,7
2439,7
2440,7
2441,7
2442,7
2443,7
2444,7
2446,7
2452,7
2465,7
2473,7
2478,7
2479,7
2480,7
2485,7
2487,7
2488,7
2492,7
2500,7
2502,7
2503,7
2505,7
2507,7
2511,7
2519,7
2520,7
2521,7
2522,7
2523,7
2535,7
2539,7
2540,7
2543,7
2545,7
2546,7
2550,7
2555,7
2556,7
2559,7
2561,7
2562,7
2563,7
2568,7
2569,7
2572,7
2574,7
2575,7
2576,7
2578,7
2584,7
2587,7
2588,7
2589,7
2591,7
2593,7
2595,7
2602,7
2606,7
2608,7
2609,7
2610,7
2611,7
2618,7
2619,7
2620,7
2623,7
2625,7
2626,7
2629,7
2631,7
2638,7
2671,7
2672,7
2673,7
2674,7
2675,7
2677,7
2678,7
2679,7
2681,7
2683,7
2684,7
2685,7
2687,7
2690,7
2694,7
2696,7
2701,7
2702,7
2703,7
2704,7
2710,7
2711,7
2713,7
2724,7
2727,7
2728,7
2729,7
2730,7
2731,7
2733,7
2737,7
2738,7
2741,7
2742,7
2743,7
2744,7
2748,7
2749,7
2754,7
2756,7
2757,7
2759,7
2763,7
2764,7
2765,7
2770,7
2772,7
2774,7
2776,7
2800,7
2803,7
2819,7
2820,7
2822,7
2824,7
2828,7
2829,7
2830,7
2831,7
2838,7
2841,7
2843,7
2844,7
2846,7
2847,7
2848,7
2849,7
2851,7
2857,7
2860,7
2861,7
2865,7
2868,7
2871,7
2872,7
2874,7
2876,7
2881,7
2884,7
2886,7
2889,7
2891,7
2892,7
2893,7
2903,7
2905,7
2907,7
2909,7
2910,7
2911,7
2913,7
2918,7
2919,7
2924,7
2925,7
2926,7
2927,7
2928,7
2930,7
2931,7
2932,7
2937,7
2938,7
2941,7
2942,7
2949,7
2953,7
2954,7
2956,7
2957,7
2958,7
2959,7
2960,7
2962,7
2963,7
2965,7
2966,7
2968,7
2969,7
2971,7
2974,7
2975,7
2976,7
2978,7
2979,7
2987,7
2993,7
2995,7
3000,7
3002,7
3005,7
3008,7
3009,7
3010,7
3018,7
3019,7
3028,7
3029,7
3034,7
3036,7
3037,7
3044,7
3046,7
3049,7
3050,7
3052,7
3058,7
3059,7
3061,7
3064,7
3066,7
3067,7
3068,7
3070,7
3072,7
3077,7
3078,7
3079,7
3082,7
3088,7
3089,7
3090,7
3091,7
3092,7
3093,7
3094,7
3097,7
3099,7
3102,7
3104,7
3105,7
3106,7
3107,7
3108,7
3109,7
3110,7
3111,7
3114,7
3115,7
3116,7
3117,7
3121,7
3123,7
3124,7
3125,7
3126,7
3127,7
3128,7
3133,7
3134,7
3137,7
3140,7
3142,7
3144,7
3146,7
3147,7
3149,7
3150,7
3151,7
3153,7
3154,7
3155,7
3157,7
3159,7
3160,7
3161,7
3162,7
3163,7
3164,7
3166,7
3167,7
3168,7
3170,7
3172,7
3173,7
3175,7
3177,7
3178,7
3179,7
3180,7
3182,7
3183,7
3184,7
3185,7
3186,7
3190,7
3191,7
3193,7
3194,7
3195,7
3197,7
3199,7
3200,7
3201,7
3208,7
3210,7
3211,7
3213,7
3214,7
3216,7
3217,7
3219,7
3220,7
3221,7
3222,7
3223,7
3226,7
3228,7
3244,7
3245,7
3249,7
3250,7
3251,7
3254,7
3256,7
3258,7
3259,7
3260,7
3261,7
3265,7
3269,7
3270,7
3271,7
3276,7
3284,7
3287,7
3288,7
3292,7
3294,7
3295,7
3297,7
3298,7
3303,7
3306,7
3307,7
3311,7
3313,7
3316,7
3318,7
3324,7
3327,7
3328,7
3329,7
3330,7
3332,7
3333,7
3334,7
3335,7
3336,7
3341,7
3342,7
3346,7
3349,7
3351,7
3356,7
3358,7
3359,7
3361,7
3362,7
3369,7
3370,7
3373,7
3376,7
3377,7
3378,7
3380,7
3381,7
3382,7
3385,7
3401,7
3402,7
3403,7
3404,7
3406,7
3407,7
3408,7
3409,7
3410,7
3412,7
3414,7
3415,7
3417,7
3419,7
3422,7
3423,7
3424,7
3425,7
3427,7
3429,7
3430,7
3431,7
3432,7
3433,7
3435,7
3436,7
3442,7
3446,7
3447,7
3448,7
3450,7
3452,7
3454,7
3455,7
3456,7
3457,7
3458,7
3460,7
3464,7
3466,7
3467,7
3468,7
3469,7
3470,7
3474,7
3476,7
3477,7
3479,7
3481,7
3494,7
3495,7
3497,7
3499,7
3501,7
3502,7
3503,7
3505,7
3508,7
3509,7
3511,7
3512,7
3513,7
3516,7
3517,7
3520,7
3521,7
3525,7
3527,7
3530,7
3532,7
3536,7
3541,7
3542,7
3545,7
3546,7
3547,7
3552,7
3553,7
3555,7
3557,7
3558,7
3559,7
3560,7
3561,7
3564,7
3565,7
3567,7
3568,7
3569,7
3570,7
3574,7
3576,7
3577,7
3578,7
3579,7
3580,7
3581,7
3582,7
3583,7
3585,7
3587,7
3590,7
3593,7
3597,7
3604,7
3606,7
3619,7
3620,7
3627,7
3635,7
3636,7
3639,7
3640,7
3642,7
3644,7
3646,7
3648,7
3653,7
3654,7
3656,7
3667,7
3675,7
3677,7
3682,7
3683,7
3684,7
3698,7
3699,7
3700,7
3706,7
3710,7
3712,7
3713,7
3719,7
3722,7
3723,7
3729,7
3730,7
3732,7
3733,7
3734,7
3735,7
3736,7
3737,7
3740,7
3741,7
3745,7
3746,7
3748,7
3749,7
3752,7
3755,7
3757,7
3760,7
3764,7
3777,7
3782,7
3787,7
3788,7
3789,7
3790,7
3793,7
3794,7
3799,7
3800,7
3802,7
3804,7
3807,7
3809,7
3810,7
3812,7
3815,7
3816,7
3821,7
3822,7
3823,7
3824,7
3833,7
3843,7
3844,7
3847,7
3852,7
3853,7
3854,7
3855,7
3866,7
3869,7
3870,7
3871,7
3875,7
3882,7
3885,7
3886,7
3887,7
3890,7
3893,7
3896,7
3899,7
3900,7
3901,7
3902,7
3903,7
3906,7
3909,7
3911,7
3913,7
3914,7
3915,7
3919,7
3935,7
3943,7
3945,7
3948,7
3949,7
3950,7
3951,7
5,0
8,0
9,0
14,0
19,0
20,0
41,0
43,0
50,0
69,0
70,0
88,0
94,0
97,0
109,0
111,0
138,0
144,0
152,0
159,0
162,0
164,0
167,0
169,0
171,0
172,0
180,0
197,0
203,0
207,0
226,0
250,0
259,0
283,0
285,0
287,0
291,0
302,0
314,0
315,0
326,0
328,0
348,0
352,0
359,0
367,0
375,0
376,0
378,0
379,0
383,0
386,0
389,0
392,0
393,0
400,0
404,0
419,0
422,0
433,0
437,0
441,0
456,0
458,0
461,0
463,0
464,0
465,0
473,0
478,0
479,0
484,0
492,0
493,0
501,0
503,0
506,0
510,0
516,0
521,0
532,0
543,0
545,0
546,0
547,0
551,0
554,0
557,0
588,0
590,0
591,0
609,0
610,0
623,0
647,0
652,0
666,0
674,0
687,0
691,0
693,0
703,0
732,0
735,0
736,0
747,0
779,0
785,0
797,0
808,0
814,0
835,0
838,0
848,0
857,0
860,0
875,0
885,0
939,0
968,0
979,0
989,0
995,0
997,0
1003,0
1035,0
1036,0
1046,0
1048,0
1099,0
1100,0
1101,0
1109,0
1111,0
1126,0
1128,0
1133,0
1169,0
1180,0
1195,0
1196,0
1197,0
1199,0
1200,0
1204,0
1209,0
1213,0
1214,0
1217,0
1219,0
1220,0
1221,0
1232,0
1239,0
1241,0
1260,0
1263,0
1274,0
1276,0
1286,0
1290,0
1303,0
1319,0
1334,0
1355,0
1363,0
1369,0
1370,0
1371,0
1372,0
1373,0
1374,0
1375,0
1376,0
1377,0
1378,0
1381,0
1382,0
1384,0
1386,0
1387,0
1388,0
1390,0
1407,0
1423,0
1428,0
1430,0
1431,0
1433,0
1437,0
1472,0
1478,0
1479,0
1487,0
1494,0
1496,0
1498,0
1517,0
1522,0
1524,0
1526,0
1543,0
1551,0
1555,0
1561,0
1572,0
1579,0
1585,0
1586,0
1589,0
1590,0
1596,0
1598,0
1603,0
1605,0
1607,0
1609,0
1615,0
1625,0
1626,0
1635,0
1666,0
1675,0
1680,0
1686,0
1689,0
1719,0
1721,0
1738,0
1739,0
1743,0
1751,0
1753,0
1761,0
1768,0
1771,0
1772,0
1784,0
1787,0
1791,0
1795,0
1800,0
1824,0
1830,0
1831,0
1832,0
1857,0
1865,0
1866,0
1868,0
1875,0
1881,0
1909,0
1911,0
1915,0
1916,0
1917,0
1952,0
1953,0
1999,0
2000,0
2001,0
2005,0
2012,0
2018,0
2022,0
2027,0
2040,0
2057,0
2093,0
2104,0
2114,0
2125,0
2152,0
2166,0
2169,0
2192,0
2193,0
2195,0
2252,0
2257,0
2259,0
2272,0
2274,0
2277,0
2287,0
2306,0
2307,0
2321,0
2333,0
2343,0
2346,0
2352,0
2362,0
2363,0
2364,0
2365,0
2366,0
2367,0
2369,0
2372,0
2375,0
2392,0
2401,0
2402,0
2403,0
2404,0
2405,0
2408,0
2409,0
2410,0
2411,0
2413,0
2420,0
2421,0
2426,0
2456,0
2467,0
2474,0
2475,0
2486,0
2489,0
2523,0
2524,0
2526,0
2527,0
2528,0
2529,0
2530,0
2531,0
2532,0
2533,0
2534,0
2539,0
2548,0
2567,0
2570,0
2581,0
2599,0
2612,0
2613,0
2615,0
2616,0
2624,0
2627,0
2639,0
2640,0
2641,0
2642,0
2661,0
2691,0
2698,0
2700,0
2719,0
2721,0
2722,0
2734,0
2736,0
2740,0
2747,0
2755,0
2762,0
2801,0
2806,0
2807,0
2811,0
2814,0
2815,0
2816,0
2817,0
2822,0
2825,0
2834,0
2871,0
2878,0
2879,0
2880,0
2891,0
2892,0
2904,0
2911,0
2915,0
2923,0
2943,0
2946,0
2947,0
2948,0
2950,0
2955,0
2964,0
2984,0
2985,0
2988,0
2989,0
2990,0
2992,0
2999,0
3019,0
3028,0
3061,0
3081,0
3103,0
3106,0
3112,0
3136,0
3138,0
3152,0
3164,0
3183,0
3196,0
3207,0
3255,0
3256,0
3264,0
3265,0
3266,0
3267,0
3273,0
3274,0
3278,0
3282,0
3299,0
3309,0
3313,0
3315,0
3365,0
3371,0
3383,0
3388,0
3403,0
3404,0
3405,0
3417,0
3429,0
3430,0
3431,0
3432,0
3433,0
3437,0
3438,0
3439,0
3440,0
3441,0
3442,0
3443,0
3451,0
3518,0
3522,0
3526,0
3540,0
3554,0
3562,0
3575,0
3577,0
3583,0
3592,0
3622,0
3623,0
3627,0
3632,0
3634,0
3637,0
3638,0
3642,0
3653,0
3666,0
3696,0
3697,0
3701,0
3702,0
3703,0
3704,0
3709,0
3715,0
3716,0
3725,0
3728,0
3739,0
3743,0
3752,0
3754,0
3762,0
3763,0
3765,0
3766,0
3767,0
3768,0
3770,0
3780,0
3781,0
3792,0
3801,0
3804,0
3806,0
3826,0
3835,0
3840,0
3863,0
3876,0
3878,0
3888,0
3897,0
3945,0
5,5
21,5
41,5
46,5
49,5
69,5
80,5
111,5
116,5
148,5
152,5
163,5
169,5
197,5
244,5
258,5
282,5
283,5
289,5
292,5
295,5
366,5
390,5
402,5
430,5
433,5
462,5
463,5
492,5
520,5
531,5
554,5
591,5
607,5
658,5
680,5
706,5
715,5
731,5
761,5
849,5
857,5
865,5
866,5
868,5
873,5
909,5
941,5
959,5
961,5
997,5
998,5
999,5
1033,5
1052,5
1060,5
1067,5
1083,5
1088,5
1151,5
1178,5
1212,5
1220,5
1226,5
1233,5
1247,5
1259,5
1312,5
1351,5
1376,5
1395,5
1403,5
1414,5
1446,5
1465,5
1471,5
1472,5
1499,5
1500,5
1522,5
1538,5
1561,5
1567,5
1577,5
1588,5
1597,5
1600,5
1616,5
1619,5
1626,5
1644,5
1646,5
1661,5
1670,5
1674,5
1685,5
1696,5
1710,5
1728,5
1731,5
1741,5
1764,5
1784,5
1790,5
1798,5
1803,5
1804,5
1808,5
1841,5
1909,5
1911,5
1917,5
1944,5
1952,5
1999,5
2000,5
2001,5
2007,5
2022,5
2026,5
2109,5
2111,5
2125,5
2129,5
2157,5
2158,5
2193,5
2198,5
2208,5
2230,5
2259,5
2267,5
2277,5
2279,5
2280,5
2307,5
2331,5
2386,5
2388,5
2390,5
2424,5
2457,5
2510,5
2539,5
2541,5
2560,5
2567,5
2579,5
2585,5
2604,5
2615,5
2691,5
2725,5
2763,5
2768,5
2841,5
2911,5
2916,5
2951,5
2955,5
2962,5
2984,5
2985,5
3018,5
3103,5
3150,5
3183,5
3228,5
3246,5
3264,5
3265,5
3271,5
3300,5
3303,5
3322,5
3327,5
3333,5
3334,5
3347,5
3361,5
3363,5
3368,5
3412,5
3418,5
3426,5
3434,5
3516,5
3520,5
3528,5
3587,5
3655,5
3700,5
3715,5
3716,5
3728,5
3734,5
3740,5
3743,5
3760,5
3762,5
3763,5
3769,5
3780,5
3781,5
3782,5
3849,5
3859,5
3890,5
3894,5
3895,5
3905,5
5,15
9,15
15,15
17,15
21,15
22,15
46,15
49,15
50,15
60,15
65,15
69,15
75,15
78,15
88,15
91,15
94,15
97,15
99,15
102,15
110,15
131,15
148,15
160,15
162,15
163,15
164,15
169,15
171,15
182,15
184,15
189,15
199,15
216,15
224,15
225,15
228,15
229,15
239,15
246,15
256,15
258,15
279,15
285,15
287,15
290,15
291,15
292,15
310,15
318,15
319,15
334,15
337,15
348,15
349,15
352,15
372,15
375,15
376,15
400,15
406,15
414,15
421,15
422,15
425,15
426,15
435,15
453,15
456,15
462,15
463,15
473,15
480,15
481,15
489,15
493,15
518,15
520,15
539,15
542,15
546,15
553,15
560,15
578,15
586,15
588,15
590,15
592,15
599,15
607,15
613,15
623,15
626,15
627,15
639,15
658,15
661,15
674,15
677,15
691,15
694,15
695,15
706,15
730,15
732,15
735,15
741,15
744,15
747,15
781,15
785,15
797,15
814,15
831,15
835,15
838,15
848,15
860,15
865,15
879,15
881,15
889,15
890,15
902,15
903,15
905,15
907,15
910,15
923,15
927,15
928,15
929,15
930,15
932,15
964,15
989,15
991,15
996,15
1002,15
1003,15
1035,15
1036,15
1046,15
1054,15
1068,15
1075,15
1085,15
1088,15
1091,15
1126,15
1128,15
1150,15
1151,15
1164,15
1199,15
1204,15
1211,15
1213,15
1217,15
1218,15
1226,15
1239,15
1247,15
1248,15
1251,15
1259,15
1263,15
1266,15
1268,15
1273,15
1319,15
1331,15
1342,15
1343,15
1351,15
1354,15
1357,15
1368,15
1369,15
1406,15
1421,15
1426,15
1429,15
1437,15
1458,15
1471,15
1478,15
1479,15
1482,15
1487,15
1498,15
1514,15
1517,15
1543,15
1551,15
1555,15
1564,15
1572,15
1589,15
1590,15
1596,15
1597,15
1602,15
1607,15
1609,15
1614,15
1615,15
1616,15
1619,15
1624,15
1625,15
1630,15
1635,15
1643,15
1644,15
1646,15
1647,15
1652,15
1657,15
1660,15
1673,15
1674,15
1682,15
1685,15
1686,15
1708,15
1714,15
1716,15
1717,15
1721,15
1731,15
1743,15
1747,15
1751,15
1753,15
1763,15
1768,15
1769,15
1778,15
1782,15
1791,15
1797,15
1804,15
1823,15
1830,15
1832,15
1833,15
1840,15
1844,15
1846,15
1851,15
1860,15
1868,15
1875,15
1888,15
1890,15
1891,15
1907,15
1908,15
1916,15
1920,15
1952,15
1993,15
1994,15
1995,15
2008,15
2025,15
2057,15
2106,15
2109,15
2112,15
2117,15
2120,15
2121,15
2125,15
2159,15
2175,15
2176,15
2177,15
2178,15
2179,15
2180,15
2181,15
2182,15
2183,15
2184,15
2185,15
2186,15
2201,15
2202,15
2203,15
2205,15
2207,15
2208,15
2209,15
2210,15
2211,15
2213,15
2218,15
2220,15
2226,15
2231,15
2262,15
2266,15
2272,15
2277,15
2278,15
2286,15
2287,15
2297,15
2314,15
2319,15
2321,15
2325,15
2333,15
2337,15
2343,15
2345,15
2348,15
2352,15
2388,15
2390,15
2418,15
2437,15
2445,15
2467,15
2474,15
2478,15
2482,15
2487,15
2489,15
2504,15
2522,15
2526,15
2539,15
2541,15
2549,15
2550,15
2552,15
2553,15
2560,15
2570,15
2585,15
2599,15
2604,15
2607,15
2616,15
2630,15
2671,15
2675,15
2687,15
2698,15
2706,15
2712,15
2718,15
2721,15
2740,15
2752,15
2761,15
2762,15
2763,15
2777,15
2801,15
2802,15
2805,15
2811,15
2818,15
2825,15
2826,15
2834,15
2839,15
2840,15
2849,15
2850,15
2855,15
2870,15
2880,15
2901,15
2902,15
2915,15
2916,15
2938,15
2951,15
2955,15
2966,15
2973,15
2981,15
2982,15
2991,15
3004,15
3007,15
3014,15
3043,15
3054,15
3055,15
3062,15
3063,15
3074,15
3081,15
3100,15
3101,15
3112,15
3146,15
3175,15
3202,15
3203,15
3218,15
3226,15
3229,15
3237,15
3248,15
3255,15
3256,15
3266,15
3272,15
3290,15
3315,15
3317,15
3333,15
3347,15
3354,15
3369,15
3402,15
3408,15
3419,15
3442,15
3444,15
3454,15
3460,15
3463,15
3473,15
3475,15
3483,15
3504,15
3509,15
3512,15
3517,15
3522,15
3526,15
3528,15
3534,15
3539,15
3545,15
3550,15
3552,15
3554,15
3556,15
3583,15
3622,15
3626,15
3633,15
3658,15
3659,15
3660,15
3661,15
3662,15
3663,15
3664,15
3665,15
3685,15
3696,15
3704,15
3705,15
3707,15
3725,15
3727,15
3730,15
3754,15
3757,15
3762,15
3763,15
3769,15
3795,15
3796,15
3797,15
3809,15
3825,15
3829,15
3834,15
3847,15
3848,15
3849,15
3856,15
3862,15
3892,15
3894,15
3895,15
3935,15
3936,15
3945,15
3946,15
3951,15
11,10
69,10
151,10
176,10
187,10
195,10
219,10
252,10
272,10
284,10
310,10
327,10
329,10
331,10
365,10
381,10
396,10
406,10
425,10
511,10
531,10
564,10
605,10
609,10
610,10
723,10
734,10
741,10
774,10
798,10
840,10
841,10
878,10
890,10
967,10
1104,10
1127,10
1129,10
1167,10
1213,10
1214,10
1218,10
1240,10
1254,10
1257,10
1260,10
1277,10
1319,10
1320,10
1321,10
1322,10
1323,10
1324,10
1325,10
1326,10
1327,10
1328,10
1329,10
1330,10
1331,10
1332,10
1333,10
1334,10
1335,10
1336,10
1338,10
1339,10
1340,10
1341,10
1344,10
1345,10
1346,10
1347,10
1348,10
1349,10
1354,10
1386,10
1387,10
1388,10
1406,10
1432,10
1622,10
1643,10
1644,10
1654,10
1689,10
1691,10
1716,10
1755,10
1761,10
1770,10
1861,10
1890,10
1923,10
1968,10
1969,10
1970,10
1971,10
1972,10
1973,10
1974,10
1975,10
1976,10
1977,10
1978,10
1979,10
1980,10
1981,10
1982,10
1983,10
1984,10
1985,10
1986,10
1987,10
1988,10
1989,10
1990,10
1991,10
1992,10
1993,10
1994,10
1995,10
1996,10
1997,10
1998,10
2002,10
2003,10
2025,10
2096,10
2106,10
2112,10
2117,10
2118,10
2119,10
2120,10
2121,10
2147,10
2148,10
2157,10
2158,10
2159,10
2162,10
2166,10
2255,10
2278,10
2287,10
2314,10
2326,10
2327,10
2337,10
2365,10
2366,10
2367,10
2376,10
2388,10
2427,10
2447,10
2450,10
2451,10
2453,10
2454,10
2455,10
2458,10
2459,10
2460,10
2461,10
2463,10
2464,10
2482,10
2487,10
2512,10
2513,10
2514,10
2515,10
2516,10
2518,10
2524,10
2547,10
2549,10
2552,10
2553,10
2559,10
2605,10
2612,10
2613,10
2616,10
2632,10
2633,10
2634,10
2635,10
2636,10
2637,10
2643,10
2644,10
2645,10
2646,10
2647,10
2648,10
2649,10
2650,10
2651,10
2652,10
2653,10
2654,10
2655,10
2656,10
2663,10
2667,10
2709,10
2712,10
2715,10
2716,10
2718,10
2739,10
2745,10
2746,10
2753,10
2779,10
2780,10
2781,10
2782,10
2783,10
2784,10
2786,10
2788,10
2789,10
2792,10
2813,10
2825,10
2852,10
2853,10
2854,10
2866,10
2867,10
2877,10
2897,10
2899,10
2900,10
2901,10
2902,10
2973,10
2975,10
2981,10
2991,10
2994,10
3012,10
3015,10
3016,10
3017,10
3020,10
3023,10
3025,10
3026,10
3057,10
3080,10
3084,10
3118,10
3204,10
3215,10
3263,10
3272,10
3279,10
3293,10
3304,10
3339,10
3343,10
3345,10
3350,10
3458,10
3471,10
3475,10
3484,10
3487,10
3489,10
3492,10
3498,10
3534,10
3549,10
3562,10
3571,10
3572,10
3573,10
3575,10
3586,10
3588,10
3620,10
3626,10
3629,10
3647,10
3649,10
3650,10
3651,10
3659,10
3660,10
3661,10
3662,10
3663,10
3664,10
3665,10
3675,10
3691,10
3692,10
3693,10
3694,10
3695,10
3707,10
3708,10
3726,10
3731,10
3756,10
3761,10
3771,10
3776,10
3784,10
3825,10
3829,10
3831,10
3832,10
3836,10
3837,10
3838,10
3839,10
3841,10
3842,10
3846,10
3874,10
3891,10
3907,10
3916,10
3917,10
3918,10
3922,10
3927,10
3929,10
3930,10
3931,10
3932,10
3934,10
3937,10
3938,10
3939,10
3940,10
3941,10
23,14
28,14
31,14
65,14
75,14
159,14
171,14
172,14
184,14
195,14
197,14
255,14
259,14
285,14
315,14
326,14
328,14
331,14
337,14
378,14
404,14
425,14
434,14
441,14
479,14
503,14
511,14
518,14
540,14
545,14
588,14
609,14
610,14
670,14
673,14
679,14
691,14
717,14
736,14
740,14
747,14
749,14
779,14
787,14
848,14
879,14
923,14
967,14
1018,14
1036,14
1076,14
1096,14
1126,14
1128,14
1174,14
1195,14
1198,14
1199,14
1204,14
1205,14
1209,14
1213,14
1214,14
1231,14
1239,14
1252,14
1269,14
1273,14
1300,14
1305,14
1319,14
1333,14
1355,14
1370,14
1371,14
1372,14
1373,14
1374,14
1375,14
1382,14
1390,14
1395,14
1526,14
1543,14
1569,14
1572,14
1579,14
1583,14
1589,14
1590,14
1602,14
1652,14
1675,14
1689,14
1691,14
1719,14
1747,14
1749,14
1761,14
1778,14
1830,14
1861,14
1875,14
1881,14
1908,14
1916,14
1920,14
1923,14
1964,14
2008,14
2009,14
2010,14
2011,14
2020,14
2033,14
2037,14
2045,14
2052,14
2053,14
2090,14
2092,14
2093,14
2104,14
2115,14
2116,14
2139,14
2172,14
2231,14
2255,14
2274,14
2286,14
2287,14
2310,14
2321,14
2345,14
2362,14
2363,14
2364,14
2376,14
2392,14
2406,14
2407,14
2427,14
2447,14
2449,14
2453,14
2454,14
2455,14
2494,14
2497,14
2524,14
2525,14
2526,14
2527,14
2528,14
2529,14
2530,14
2531,14
2532,14
2548,14
2552,14
2553,14
2570,14
2577,14
2593,14
2599,14
2601,14
2612,14
2613,14
2614,14
2627,14
2639,14
2640,14
2641,14
2642,14
2655,14
2656,14
2657,14
2659,14
2660,14
2661,14
2662,14
2663,14
2664,14
2665,14
2666,14
2667,14
2671,14
2680,14
2697,14
2698,14
2700,14
2721,14
2806,14
2807,14
2826,14
2850,14
2899,14
2900,14
2915,14
2967,14
2984,14
2985,14
3023,14
3031,14
3032,14
3057,14
3069,14
3079,14
3155,14
3174,14
3189,14
3268,14
3292,14
3299,14
3325,14
3339,14
3353,14
3374,14
3400,14
3416,14
3463,14
3470,14
3473,14
3485,14
3487,14
3502,14
3526,14
3571,14
3572,14
3573,14
3575,14
3591,14
3592,14
3637,14
3647,14
3657,14
3658,14
3659,14
3660,14
3661,14
3662,14
3663,14
3664,14
3665,14
3686,14
3695,14
3696,14
3697,14
3698,14
3699,14
3700,14
3701,14
3702,14
3703,14
3744,14
3757,14
3769,14
3778,14
3779,14
3792,14
3801,14
3825,14
3826,14
3832,14
3862,14
3863,14
3877,14
3922,14
3925,14
3926,14
3930,14
3931,14
3932,14
3933,14
3936,14
36,6
76,6
98,6
107,6
115,6
127,6
133,6
135,6
136,6
161,6
191,6
205,6
245,6
362,6
397,6
403,6
442,6
548,6
555,6
580,6
601,6
603,6
681,6
682,6
721,6
726,6
755,6
758,6
768,6
786,6
790,6
858,6
984,6
1038,6
1049,6
1105,6
1107,6
1110,6
1121,6
1122,6
1137,6
1143,6
1144,6
1146,6
1148,6
1168,6
1188,6
1190,6
1191,6
1288,6
1309,6
1314,6
1318,6
1360,6
1419,6
1420,6
1442,6
1447,6
1461,6
1469,6
1648,6
1651,6
1656,6
1742,6
1779,6
1786,6
1796,6
1826,6
1855,6
1864,6
1900,6
2060,6
2063,6
2128,6
2197,6
2269,6
2322,6
2329,6
2493,6
2537,6
2594,6
2603,6
2626,6
2658,6
2676,6
2688,6
2692,6
2775,6
2812,6
2823,6
2858,6
2908,6
2929,6
2980,6
2983,6
3001,6
3006,6
3076,6
3083,6
3135,6
3141,6
3181,6
3187,6
3192,6
3225,6
3236,6
3277,6
3280,6
3296,6
3302,6
3326,6
3337,6
3355,6
3538,6
3608,6
3624,6
3652,6
3676,6
3678,6
3679,6
3717,6
3858,6
3864,6
3879,6
3880,6
3889,6
3912,6
40,16
109,16
150,16
154,16
156,16
160,16
265,16
335,16
355,16
388,16
464,16
465,16
472,16
515,16
526,16
631,16
646,16
664,16
687,16
749,16
759,16
776,16
779,16
896,16
911,16
919,16
945,16
968,16
975,16
978,16
990,16
1070,16
1077,16
1089,16
1093,16
1177,16
1182,16
1183,16
1195,16
1199,16
1203,16
1204,16
1207,16
1209,16
1216,16
1221,16
1223,16
1232,16
1241,16
1249,16
1255,16
1261,16
1262,16
1271,16
1288,16
1293,16
1297,16
1298,16
1390,16
1397,16
1407,16
1444,16
1449,16
1487,16
1506,16
1585,16
1615,16
1618,16
1669,16
1675,16
1695,16
1867,16
1897,16
1919,16
1924,16
1926,16
1935,16
1938,16
1943,16
1959,16
2027,16
2066,16
2074,16
2105,16
2201,16
2234,16
2286,16
2321,16
2401,16
2403,16
2426,16
2475,16
2661,16
2668,16
2669,16
2814,16
2815,16
2816,16
2817,16
2832,16
2889,16
2896,16
2940,16
2943,16
2971,16
3034,16
3048,16
3052,16
3061,16
3065,16
3090,16
3116,16
3133,16
3136,16
3142,16
3153,16
3195,16
3338,16
3341,16
3365,16
3366,16
3371,16
3376,16
3405,16
3440,16
3447,16
3518,16
3544,16
3584,16
3627,16
3642,16
3653,16
3669,16
3723,16
3741,16
3745,16
3752,16
3765,16
3766,16
3767,16
3807,16
3810,16
3835,16
47,11
72,11
106,11
198,11
241,11
326,11
345,11
363,11
550,11
587,11
593,11
594,11
630,11
660,11
782,11
828,11
898,11
899,11
900,11
906,11
913,11
917,11
918,11
934,11
937,11
944,11
962,11
974,11
1021,11
1023,11
1027,11
1028,11
1029,11
1030,11
1031,11
1034,11
1056,11
1065,11
1066,11
1080,11
1082,11
1086,11
1087,11
1092,11
1219,11
1281,11
1287,11
1297,11
1379,11
1380,11
1415,11
1486,11
1488,11
1565,11
1687,11
1759,11
1771,11
1855,11
1925,11
1931,11
1946,11
1950,11
2016,11
2048,11
2077,11
2079,11
2080,11
2082,11
2083,11
2086,11
2087,11
2091,11
2095,11
2098,11
2101,11
2134,11
2212,11
2216,11
2299,11
2302,11
2393,11
2564,11
2656,11
2745,11
2856,11
2862,11
2876,11
2933,11
2940,11
2945,11
2970,11
3060,11
3141,11
3158,11
3198,11
3314,11
3382,11
3544,11
3548,11
3598,11
3599,11
3601,11
3603,11
3604,11
3605,11
3609,11
3611,11
3674,11
3724,11
3758,11
3774,11
3775,11
3817,11
3909,11
58,12
112,12
122,12
159,12
163,12
256,12
334,12
349,12
426,12
450,12
491,12
512,12
516,12
577,12
647,12
651,12
694,12
730,12
799,12
814,12
902,12
903,12
905,12
910,12
912,12
923,12
930,12
941,12
949,12
957,12
976,12
1017,12
1064,12
1085,12
1091,12
1211,12
1231,12
1251,12
1263,12
1268,12
1283,12
1421,12
1458,12
1459,12
1463,12
1483,12
1567,12
1588,12
1589,12
1596,12
1616,12
1624,12
1626,12
1643,12
1644,12
1688,12
1710,12
1731,12
1753,12
1782,12
1804,12
1891,12
1908,12
1912,12
1949,12
1963,12
2023,12
2075,12
2125,12
2183,12
2186,12
2205,12
2207,12
2218,12
2266,12
2310,12
2337,12
2412,12
2413,12
2466,12
2474,12
2582,12
2685,12
2748,12
2751,12
2768,12
2809,12
2843,12
2872,12
2874,12
2897,12
2944,12
3043,12
3148,12
3150,12
3175,12
3250,12
3261,12
3272,12
3385,12
3444,12
3475,12
3705,12
3729,12
3787,12
3800,12
163,9
319,9
540,9
706,9
745,9
912,9
921,9
929,9
941,9
1067,9
1068,9
1151,9
1152,9
1153,9
1178,9
1247,9
1251,9
1259,9
1266,9
1283,9
1343,9
1600,9
1616,9
1747,9
1782,9
2007,9
2065,9
2181,9
2185,9
2202,9
2630,9
2725,9
2726,9
2939,9
2986,9
3120,9
3291,9
3304,9
3333,9
3363,9
3379,9
3434,9
3682,9
3705,9
209,17
265,17
302,17
367,17
382,17
415,17
431,17
457,17
486,17
552,17
589,17
598,17
713,17
963,17
966,17
995,17
1006,17
1007,17
1117,17
1200,17
1208,17
1265,17
1282,17
1303,17
1377,17
1378,17
1385,17
1927,17
2011,17
2015,17
2054,17
2400,17
2440,17
2477,17
2526,17
2700,17
2895,17
2920,17
2921,17
2950,17
3024,17
3029,17
3036,17
3073,17
3092,17
3121,17
3169,17
3235,17
3310,17
3364,17
3367,17
3372,17
3466,17
3486,17
3493,17
3507,17
3600,17
3606,17
3641,17
3643,17
3670,17
3680,17
3681,17
3736,17
3791,17
3805,17
3870,17
3872,17
